user_id,kategori,history
1,Kesehatan,7
1,Pendidikan,4
1,Hukum,8
1,Keuangan,5
1,Pariwisata,7
1,Sosial dan Kemanusiaan,10
1,Lingkungan dan Konservasi,3
1,Teknologi Informasi dan Komunikasi,7
1,Olahraga dan Rekreasi,8
1,Seni dan Budaya,5
1,Agama dan Kepercayaan,4
1,Bisnis dan Industri,8
1,Politik dan Pemerintahan,8
1,Transportasi dan Logistik,3
1,Pertanian dan Perikanan,6
2,Kesehatan,5
2,Pendidikan,2
2,Hukum,8
2,Keuangan,6
2,Pariwisata,2
2,Sosial dan Kemanusiaan,5
2,Lingkungan dan Konservasi,1
2,Teknologi Informasi dan Komunikasi,10
2,Olahraga dan Rekreasi,6
2,Seni dan Budaya,9
2,Agama dan Kepercayaan,1
2,Bisnis dan Industri,10
2,Politik dan Pemerintahan,3
2,Transportasi dan Logistik,7
2,Pertanian dan Perikanan,4
3,Kesehatan,9
3,Pendidikan,3
3,Hukum,5
3,Keuangan,3
3,Pariwisata,7
3,Sosial dan Kemanusiaan,5
3,Lingkungan dan Konservasi,9
3,Teknologi Informasi dan Komunikasi,7
3,Olahraga dan Rekreasi,2
3,Seni dan Budaya,4
3,Agama dan Kepercayaan,9
3,Bisnis dan Industri,2
3,Politik dan Pemerintahan,10
3,Transportasi dan Logistik,9
3,Pertanian dan Perikanan,10
4,Kesehatan,5
4,Pendidikan,2
4,Hukum,4
4,Keuangan,7
4,Pariwisata,8
4,Sosial dan Kemanusiaan,3
4,Lingkungan dan Konservasi,1
4,Teknologi Informasi dan Komunikasi,4
4,Olahraga dan Rekreasi,2
4,Seni dan Budaya,8
4,Agama dan Kepercayaan,4
4,Bisnis dan Industri,2
4,Politik dan Pemerintahan,6
4,Transportasi dan Logistik,6
4,Pertanian dan Perikanan,10
5,Kesehatan,4
5,Pendidikan,6
5,Hukum,2
5,Keuangan,10
5,Pariwisata,2
5,Sosial dan Kemanusiaan,10
5,Lingkungan dan Konservasi,4
5,Teknologi Informasi dan Komunikasi,8
5,Olahraga dan Rekreasi,7
5,Seni dan Budaya,9
5,Agama dan Kepercayaan,8
5,Bisnis dan Industri,5
5,Politik dan Pemerintahan,2
5,Transportasi dan Logistik,5
5,Pertanian dan Perikanan,8
6,Kesehatan,10
6,Pendidikan,9
6,Hukum,9
6,Keuangan,1
6,Pariwisata,9
6,Sosial dan Kemanusiaan,7
6,Lingkungan dan Konservasi,9
6,Teknologi Informasi dan Komunikasi,8
6,Olahraga dan Rekreasi,1
6,Seni dan Budaya,8
6,Agama dan Kepercayaan,8
6,Bisnis dan Industri,3
6,Politik dan Pemerintahan,1
6,Transportasi dan Logistik,8
6,Pertanian dan Perikanan,3
7,Kesehatan,3
7,Pendidikan,1
7,Hukum,5
7,Keuangan,10
7,Pariwisata,7
7,Sosial dan Kemanusiaan,10
7,Lingkungan dan Konservasi,9
7,Teknologi Informasi dan Komunikasi,7
7,Olahraga dan Rekreasi,9
7,Seni dan Budaya,8
7,Agama dan Kepercayaan,2
7,Bisnis dan Industri,1
7,Politik dan Pemerintahan,7
7,Transportasi dan Logistik,7
7,Pertanian dan Perikanan,8
8,Kesehatan,5
8,Pendidikan,3
8,Hukum,8
8,Keuangan,6
8,Pariwisata,3
8,Sosial dan Kemanusiaan,1
8,Lingkungan dan Konservasi,3
8,Teknologi Informasi dan Komunikasi,5
8,Olahraga dan Rekreasi,3
8,Seni dan Budaya,1
8,Agama dan Kepercayaan,5
8,Bisnis dan Industri,10
8,Politik dan Pemerintahan,7
8,Transportasi dan Logistik,7
8,Pertanian dan Perikanan,9
9,Kesehatan,10
9,Pendidikan,10
9,Hukum,3
9,Keuangan,7
9,Pariwisata,1
9,Sosial dan Kemanusiaan,4
9,Lingkungan dan Konservasi,4
9,Teknologi Informasi dan Komunikasi,5
9,Olahraga dan Rekreasi,7
9,Seni dan Budaya,7
9,Agama dan Kepercayaan,4
9,Bisnis dan Industri,7
9,Politik dan Pemerintahan,3
9,Transportasi dan Logistik,6
9,Pertanian dan Perikanan,2
10,Kesehatan,10
10,Pendidikan,9
10,Hukum,5
10,Keuangan,6
10,Pariwisata,4
10,Sosial dan Kemanusiaan,10
10,Lingkungan dan Konservasi,7
10,Teknologi Informasi dan Komunikasi,9
10,Olahraga dan Rekreasi,7
10,Seni dan Budaya,1
10,Agama dan Kepercayaan,1
10,Bisnis dan Industri,9
10,Politik dan Pemerintahan,9
10,Transportasi dan Logistik,4
10,Pertanian dan Perikanan,9
11,Kesehatan,3
11,Pendidikan,7
11,Hukum,6
11,Keuangan,8
11,Pariwisata,9
11,Sosial dan Kemanusiaan,5
11,Lingkungan dan Konservasi,1
11,Teknologi Informasi dan Komunikasi,3
11,Olahraga dan Rekreasi,10
11,Seni dan Budaya,8
11,Agama dan Kepercayaan,6
11,Bisnis dan Industri,8
11,Politik dan Pemerintahan,9
11,Transportasi dan Logistik,4
11,Pertanian dan Perikanan,1
12,Kesehatan,1
12,Pendidikan,10
12,Hukum,4
12,Keuangan,7
12,Pariwisata,2
12,Sosial dan Kemanusiaan,3
12,Lingkungan dan Konservasi,1
12,Teknologi Informasi dan Komunikasi,5
12,Olahraga dan Rekreasi,1
12,Seni dan Budaya,8
12,Agama dan Kepercayaan,1
12,Bisnis dan Industri,1
12,Politik dan Pemerintahan,2
12,Transportasi dan Logistik,2
12,Pertanian dan Perikanan,6
13,Kesehatan,7
13,Pendidikan,5
13,Hukum,1
13,Keuangan,1
13,Pariwisata,3
13,Sosial dan Kemanusiaan,2
13,Lingkungan dan Konservasi,5
13,Teknologi Informasi dan Komunikasi,10
13,Olahraga dan Rekreasi,6
13,Seni dan Budaya,7
13,Agama dan Kepercayaan,4
13,Bisnis dan Industri,7
13,Politik dan Pemerintahan,8
13,Transportasi dan Logistik,1
13,Pertanian dan Perikanan,6
14,Kesehatan,8
14,Pendidikan,5
14,Hukum,4
14,Keuangan,2
14,Pariwisata,6
14,Sosial dan Kemanusiaan,6
14,Lingkungan dan Konservasi,1
14,Teknologi Informasi dan Komunikasi,9
14,Olahraga dan Rekreasi,6
14,Seni dan Budaya,3
14,Agama dan Kepercayaan,4
14,Bisnis dan Industri,4
14,Politik dan Pemerintahan,3
14,Transportasi dan Logistik,10
14,Pertanian dan Perikanan,3
15,Kesehatan,3
15,Pendidikan,4
15,Hukum,7
15,Keuangan,4
15,Pariwisata,9
15,Sosial dan Kemanusiaan,1
15,Lingkungan dan Konservasi,8
15,Teknologi Informasi dan Komunikasi,7
15,Olahraga dan Rekreasi,2
15,Seni dan Budaya,8
15,Agama dan Kepercayaan,1
15,Bisnis dan Industri,9
15,Politik dan Pemerintahan,9
15,Transportasi dan Logistik,2
15,Pertanian dan Perikanan,7
16,Kesehatan,10
16,Pendidikan,3
16,Hukum,7
16,Keuangan,10
16,Pariwisata,9
16,Sosial dan Kemanusiaan,4
16,Lingkungan dan Konservasi,1
16,Teknologi Informasi dan Komunikasi,2
16,Olahraga dan Rekreasi,1
16,Seni dan Budaya,5
16,Agama dan Kepercayaan,5
16,Bisnis dan Industri,7
16,Politik dan Pemerintahan,9
16,Transportasi dan Logistik,9
16,Pertanian dan Perikanan,3
17,Kesehatan,3
17,Pendidikan,3
17,Hukum,4
17,Keuangan,8
17,Pariwisata,6
17,Sosial dan Kemanusiaan,8
17,Lingkungan dan Konservasi,1
17,Teknologi Informasi dan Komunikasi,8
17,Olahraga dan Rekreasi,4
17,Seni dan Budaya,1
17,Agama dan Kepercayaan,8
17,Bisnis dan Industri,4
17,Politik dan Pemerintahan,6
17,Transportasi dan Logistik,8
17,Pertanian dan Perikanan,4
18,Kesehatan,3
18,Pendidikan,9
18,Hukum,3
18,Keuangan,9
18,Pariwisata,2
18,Sosial dan Kemanusiaan,2
18,Lingkungan dan Konservasi,2
18,Teknologi Informasi dan Komunikasi,6
18,Olahraga dan Rekreasi,3
18,Seni dan Budaya,9
18,Agama dan Kepercayaan,4
18,Bisnis dan Industri,1
18,Politik dan Pemerintahan,4
18,Transportasi dan Logistik,1
18,Pertanian dan Perikanan,5
19,Kesehatan,4
19,Pendidikan,8
19,Hukum,8
19,Keuangan,7
19,Pariwisata,3
19,Sosial dan Kemanusiaan,1
19,Lingkungan dan Konservasi,1
19,Teknologi Informasi dan Komunikasi,3
19,Olahraga dan Rekreasi,6
19,Seni dan Budaya,7
19,Agama dan Kepercayaan,6
19,Bisnis dan Industri,6
19,Politik dan Pemerintahan,6
19,Transportasi dan Logistik,3
19,Pertanian dan Perikanan,6
20,Kesehatan,8
20,Pendidikan,2
20,Hukum,5
20,Keuangan,1
20,Pariwisata,1
20,Sosial dan Kemanusiaan,5
20,Lingkungan dan Konservasi,3
20,Teknologi Informasi dan Komunikasi,4
20,Olahraga dan Rekreasi,3
20,Seni dan Budaya,1
20,Agama dan Kepercayaan,1
20,Bisnis dan Industri,5
20,Politik dan Pemerintahan,6
20,Transportasi dan Logistik,3
20,Pertanian dan Perikanan,9
21,Kesehatan,5
21,Pendidikan,8
21,Hukum,1
21,Keuangan,5
21,Pariwisata,3
21,Sosial dan Kemanusiaan,1
21,Lingkungan dan Konservasi,4
21,Teknologi Informasi dan Komunikasi,5
21,Olahraga dan Rekreasi,7
21,Seni dan Budaya,1
21,Agama dan Kepercayaan,3
21,Bisnis dan Industri,2
21,Politik dan Pemerintahan,9
21,Transportasi dan Logistik,10
21,Pertanian dan Perikanan,6
22,Kesehatan,10
22,Pendidikan,3
22,Hukum,8
22,Keuangan,8
22,Pariwisata,2
22,Sosial dan Kemanusiaan,6
22,Lingkungan dan Konservasi,7
22,Teknologi Informasi dan Komunikasi,2
22,Olahraga dan Rekreasi,10
22,Seni dan Budaya,2
22,Agama dan Kepercayaan,10
22,Bisnis dan Industri,1
22,Politik dan Pemerintahan,8
22,Transportasi dan Logistik,1
22,Pertanian dan Perikanan,9
23,Kesehatan,6
23,Pendidikan,7
23,Hukum,10
23,Keuangan,7
23,Pariwisata,10
23,Sosial dan Kemanusiaan,3
23,Lingkungan dan Konservasi,2
23,Teknologi Informasi dan Komunikasi,9
23,Olahraga dan Rekreasi,8
23,Seni dan Budaya,10
23,Agama dan Kepercayaan,7
23,Bisnis dan Industri,9
23,Politik dan Pemerintahan,4
23,Transportasi dan Logistik,4
23,Pertanian dan Perikanan,1
24,Kesehatan,8
24,Pendidikan,3
24,Hukum,7
24,Keuangan,2
24,Pariwisata,2
24,Sosial dan Kemanusiaan,7
24,Lingkungan dan Konservasi,6
24,Teknologi Informasi dan Komunikasi,3
24,Olahraga dan Rekreasi,9
24,Seni dan Budaya,10
24,Agama dan Kepercayaan,6
24,Bisnis dan Industri,10
24,Politik dan Pemerintahan,10
24,Transportasi dan Logistik,6
24,Pertanian dan Perikanan,1
25,Kesehatan,4
25,Pendidikan,10
25,Hukum,6
25,Keuangan,6
25,Pariwisata,5
25,Sosial dan Kemanusiaan,1
25,Lingkungan dan Konservasi,8
25,Teknologi Informasi dan Komunikasi,5
25,Olahraga dan Rekreasi,5
25,Seni dan Budaya,7
25,Agama dan Kepercayaan,4
25,Bisnis dan Industri,6
25,Politik dan Pemerintahan,4
25,Transportasi dan Logistik,3
25,Pertanian dan Perikanan,7
26,Kesehatan,8
26,Pendidikan,4
26,Hukum,2
26,Keuangan,10
26,Pariwisata,3
26,Sosial dan Kemanusiaan,1
26,Lingkungan dan Konservasi,8
26,Teknologi Informasi dan Komunikasi,3
26,Olahraga dan Rekreasi,10
26,Seni dan Budaya,7
26,Agama dan Kepercayaan,10
26,Bisnis dan Industri,5
26,Politik dan Pemerintahan,10
26,Transportasi dan Logistik,5
26,Pertanian dan Perikanan,7
27,Kesehatan,9
27,Pendidikan,5
27,Hukum,1
27,Keuangan,10
27,Pariwisata,10
27,Sosial dan Kemanusiaan,1
27,Lingkungan dan Konservasi,2
27,Teknologi Informasi dan Komunikasi,6
27,Olahraga dan Rekreasi,9
27,Seni dan Budaya,8
27,Agama dan Kepercayaan,5
27,Bisnis dan Industri,1
27,Politik dan Pemerintahan,7
27,Transportasi dan Logistik,5
27,Pertanian dan Perikanan,6
28,Kesehatan,7
28,Pendidikan,3
28,Hukum,10
28,Keuangan,3
28,Pariwisata,5
28,Sosial dan Kemanusiaan,6
28,Lingkungan dan Konservasi,9
28,Teknologi Informasi dan Komunikasi,5
28,Olahraga dan Rekreasi,1
28,Seni dan Budaya,4
28,Agama dan Kepercayaan,5
28,Bisnis dan Industri,10
28,Politik dan Pemerintahan,10
28,Transportasi dan Logistik,5
28,Pertanian dan Perikanan,7
29,Kesehatan,4
29,Pendidikan,1
29,Hukum,5
29,Keuangan,7
29,Pariwisata,10
29,Sosial dan Kemanusiaan,10
29,Lingkungan dan Konservasi,6
29,Teknologi Informasi dan Komunikasi,5
29,Olahraga dan Rekreasi,4
29,Seni dan Budaya,2
29,Agama dan Kepercayaan,4
29,Bisnis dan Industri,10
29,Politik dan Pemerintahan,10
29,Transportasi dan Logistik,3
29,Pertanian dan Perikanan,10
30,Kesehatan,1
30,Pendidikan,8
30,Hukum,5
30,Keuangan,4
30,Pariwisata,8
30,Sosial dan Kemanusiaan,7
30,Lingkungan dan Konservasi,2
30,Teknologi Informasi dan Komunikasi,1
30,Olahraga dan Rekreasi,4
30,Seni dan Budaya,8
30,Agama dan Kepercayaan,2
30,Bisnis dan Industri,3
30,Politik dan Pemerintahan,1
30,Transportasi dan Logistik,1
30,Pertanian dan Perikanan,3
31,Kesehatan,5
31,Pendidikan,3
31,Hukum,1
31,Keuangan,1
31,Pariwisata,8
31,Sosial dan Kemanusiaan,10
31,Lingkungan dan Konservasi,2
31,Teknologi Informasi dan Komunikasi,3
31,Olahraga dan Rekreasi,2
31,Seni dan Budaya,3
31,Agama dan Kepercayaan,7
31,Bisnis dan Industri,1
31,Politik dan Pemerintahan,10
31,Transportasi dan Logistik,8
31,Pertanian dan Perikanan,10
32,Kesehatan,10
32,Pendidikan,10
32,Hukum,2
32,Keuangan,3
32,Pariwisata,9
32,Sosial dan Kemanusiaan,7
32,Lingkungan dan Konservasi,4
32,Teknologi Informasi dan Komunikasi,10
32,Olahraga dan Rekreasi,5
32,Seni dan Budaya,2
32,Agama dan Kepercayaan,8
32,Bisnis dan Industri,4
32,Politik dan Pemerintahan,9
32,Transportasi dan Logistik,5
32,Pertanian dan Perikanan,9
33,Kesehatan,4
33,Pendidikan,10
33,Hukum,5
33,Keuangan,9
33,Pariwisata,8
33,Sosial dan Kemanusiaan,3
33,Lingkungan dan Konservasi,1
33,Teknologi Informasi dan Komunikasi,3
33,Olahraga dan Rekreasi,4
33,Seni dan Budaya,2
33,Agama dan Kepercayaan,1
33,Bisnis dan Industri,7
33,Politik dan Pemerintahan,8
33,Transportasi dan Logistik,7
33,Pertanian dan Perikanan,5
34,Kesehatan,1
34,Pendidikan,7
34,Hukum,7
34,Keuangan,9
34,Pariwisata,3
34,Sosial dan Kemanusiaan,9
34,Lingkungan dan Konservasi,1
34,Teknologi Informasi dan Komunikasi,1
34,Olahraga dan Rekreasi,4
34,Seni dan Budaya,9
34,Agama dan Kepercayaan,6
34,Bisnis dan Industri,3
34,Politik dan Pemerintahan,1
34,Transportasi dan Logistik,4
34,Pertanian dan Perikanan,9
35,Kesehatan,3
35,Pendidikan,9
35,Hukum,7
35,Keuangan,4
35,Pariwisata,3
35,Sosial dan Kemanusiaan,10
35,Lingkungan dan Konservasi,5
35,Teknologi Informasi dan Komunikasi,5
35,Olahraga dan Rekreasi,3
35,Seni dan Budaya,9
35,Agama dan Kepercayaan,4
35,Bisnis dan Industri,5
35,Politik dan Pemerintahan,4
35,Transportasi dan Logistik,5
35,Pertanian dan Perikanan,7
36,Kesehatan,9
36,Pendidikan,7
36,Hukum,5
36,Keuangan,10
36,Pariwisata,10
36,Sosial dan Kemanusiaan,7
36,Lingkungan dan Konservasi,10
36,Teknologi Informasi dan Komunikasi,5
36,Olahraga dan Rekreasi,3
36,Seni dan Budaya,7
36,Agama dan Kepercayaan,2
36,Bisnis dan Industri,9
36,Politik dan Pemerintahan,10
36,Transportasi dan Logistik,10
36,Pertanian dan Perikanan,1
37,Kesehatan,6
37,Pendidikan,7
37,Hukum,8
37,Keuangan,10
37,Pariwisata,9
37,Sosial dan Kemanusiaan,2
37,Lingkungan dan Konservasi,10
37,Teknologi Informasi dan Komunikasi,2
37,Olahraga dan Rekreasi,5
37,Seni dan Budaya,5
37,Agama dan Kepercayaan,6
37,Bisnis dan Industri,3
37,Politik dan Pemerintahan,8
37,Transportasi dan Logistik,1
37,Pertanian dan Perikanan,6
38,Kesehatan,4
38,Pendidikan,1
38,Hukum,7
38,Keuangan,9
38,Pariwisata,4
38,Sosial dan Kemanusiaan,4
38,Lingkungan dan Konservasi,6
38,Teknologi Informasi dan Komunikasi,3
38,Olahraga dan Rekreasi,6
38,Seni dan Budaya,7
38,Agama dan Kepercayaan,10
38,Bisnis dan Industri,10
38,Politik dan Pemerintahan,3
38,Transportasi dan Logistik,7
38,Pertanian dan Perikanan,3
39,Kesehatan,2
39,Pendidikan,10
39,Hukum,4
39,Keuangan,8
39,Pariwisata,9
39,Sosial dan Kemanusiaan,7
39,Lingkungan dan Konservasi,1
39,Teknologi Informasi dan Komunikasi,3
39,Olahraga dan Rekreasi,9
39,Seni dan Budaya,1
39,Agama dan Kepercayaan,9
39,Bisnis dan Industri,8
39,Politik dan Pemerintahan,1
39,Transportasi dan Logistik,6
39,Pertanian dan Perikanan,5
40,Kesehatan,6
40,Pendidikan,10
40,Hukum,5
40,Keuangan,6
40,Pariwisata,5
40,Sosial dan Kemanusiaan,5
40,Lingkungan dan Konservasi,4
40,Teknologi Informasi dan Komunikasi,3
40,Olahraga dan Rekreasi,3
40,Seni dan Budaya,4
40,Agama dan Kepercayaan,9
40,Bisnis dan Industri,2
40,Politik dan Pemerintahan,9
40,Transportasi dan Logistik,1
40,Pertanian dan Perikanan,1
41,Kesehatan,5
41,Pendidikan,6
41,Hukum,6
41,Keuangan,3
41,Pariwisata,7
41,Sosial dan Kemanusiaan,9
41,Lingkungan dan Konservasi,10
41,Teknologi Informasi dan Komunikasi,8
41,Olahraga dan Rekreasi,6
41,Seni dan Budaya,8
41,Agama dan Kepercayaan,5
41,Bisnis dan Industri,8
41,Politik dan Pemerintahan,10
41,Transportasi dan Logistik,4
41,Pertanian dan Perikanan,10
42,Kesehatan,8
42,Pendidikan,10
42,Hukum,2
42,Keuangan,5
42,Pariwisata,9
42,Sosial dan Kemanusiaan,4
42,Lingkungan dan Konservasi,6
42,Teknologi Informasi dan Komunikasi,1
42,Olahraga dan Rekreasi,9
42,Seni dan Budaya,1
42,Agama dan Kepercayaan,5
42,Bisnis dan Industri,4
42,Politik dan Pemerintahan,3
42,Transportasi dan Logistik,6
42,Pertanian dan Perikanan,2
43,Kesehatan,3
43,Pendidikan,5
43,Hukum,9
43,Keuangan,2
43,Pariwisata,10
43,Sosial dan Kemanusiaan,8
43,Lingkungan dan Konservasi,2
43,Teknologi Informasi dan Komunikasi,5
43,Olahraga dan Rekreasi,7
43,Seni dan Budaya,8
43,Agama dan Kepercayaan,1
43,Bisnis dan Industri,6
43,Politik dan Pemerintahan,1
43,Transportasi dan Logistik,2
43,Pertanian dan Perikanan,1
44,Kesehatan,5
44,Pendidikan,10
44,Hukum,9
44,Keuangan,6
44,Pariwisata,1
44,Sosial dan Kemanusiaan,1
44,Lingkungan dan Konservasi,2
44,Teknologi Informasi dan Komunikasi,9
44,Olahraga dan Rekreasi,3
44,Seni dan Budaya,1
44,Agama dan Kepercayaan,5
44,Bisnis dan Industri,7
44,Politik dan Pemerintahan,6
44,Transportasi dan Logistik,1
44,Pertanian dan Perikanan,5
45,Kesehatan,5
45,Pendidikan,6
45,Hukum,3
45,Keuangan,5
45,Pariwisata,7
45,Sosial dan Kemanusiaan,5
45,Lingkungan dan Konservasi,5
45,Teknologi Informasi dan Komunikasi,5
45,Olahraga dan Rekreasi,10
45,Seni dan Budaya,10
45,Agama dan Kepercayaan,3
45,Bisnis dan Industri,1
45,Politik dan Pemerintahan,5
45,Transportasi dan Logistik,9
45,Pertanian dan Perikanan,1
46,Kesehatan,3
46,Pendidikan,4
46,Hukum,1
46,Keuangan,1
46,Pariwisata,8
46,Sosial dan Kemanusiaan,2
46,Lingkungan dan Konservasi,8
46,Teknologi Informasi dan Komunikasi,7
46,Olahraga dan Rekreasi,10
46,Seni dan Budaya,10
46,Agama dan Kepercayaan,2
46,Bisnis dan Industri,6
46,Politik dan Pemerintahan,6
46,Transportasi dan Logistik,3
46,Pertanian dan Perikanan,2
47,Kesehatan,1
47,Pendidikan,6
47,Hukum,5
47,Keuangan,9
47,Pariwisata,1
47,Sosial dan Kemanusiaan,7
47,Lingkungan dan Konservasi,5
47,Teknologi Informasi dan Komunikasi,5
47,Olahraga dan Rekreasi,2
47,Seni dan Budaya,3
47,Agama dan Kepercayaan,7
47,Bisnis dan Industri,6
47,Politik dan Pemerintahan,2
47,Transportasi dan Logistik,6
47,Pertanian dan Perikanan,2
48,Kesehatan,2
48,Pendidikan,2
48,Hukum,3
48,Keuangan,2
48,Pariwisata,4
48,Sosial dan Kemanusiaan,9
48,Lingkungan dan Konservasi,6
48,Teknologi Informasi dan Komunikasi,1
48,Olahraga dan Rekreasi,8
48,Seni dan Budaya,7
48,Agama dan Kepercayaan,10
48,Bisnis dan Industri,3
48,Politik dan Pemerintahan,1
48,Transportasi dan Logistik,5
48,Pertanian dan Perikanan,4
49,Kesehatan,10
49,Pendidikan,8
49,Hukum,1
49,Keuangan,10
49,Pariwisata,1
49,Sosial dan Kemanusiaan,4
49,Lingkungan dan Konservasi,8
49,Teknologi Informasi dan Komunikasi,5
49,Olahraga dan Rekreasi,2
49,Seni dan Budaya,6
49,Agama dan Kepercayaan,5
49,Bisnis dan Industri,2
49,Politik dan Pemerintahan,3
49,Transportasi dan Logistik,9
49,Pertanian dan Perikanan,7
50,Kesehatan,7
50,Pendidikan,6
50,Hukum,8
50,Keuangan,4
50,Pariwisata,8
50,Sosial dan Kemanusiaan,4
50,Lingkungan dan Konservasi,8
50,Teknologi Informasi dan Komunikasi,9
50,Olahraga dan Rekreasi,3
50,Seni dan Budaya,3
50,Agama dan Kepercayaan,2
50,Bisnis dan Industri,10
50,Politik dan Pemerintahan,3
50,Transportasi dan Logistik,3
50,Pertanian dan Perikanan,5
51,Kesehatan,5
51,Pendidikan,2
51,Hukum,10
51,Keuangan,6
51,Pariwisata,5
51,Sosial dan Kemanusiaan,6
51,Lingkungan dan Konservasi,1
51,Teknologi Informasi dan Komunikasi,5
51,Olahraga dan Rekreasi,9
51,Seni dan Budaya,10
51,Agama dan Kepercayaan,2
51,Bisnis dan Industri,1
51,Politik dan Pemerintahan,10
51,Transportasi dan Logistik,9
51,Pertanian dan Perikanan,10
52,Kesehatan,9
52,Pendidikan,9
52,Hukum,6
52,Keuangan,8
52,Pariwisata,1
52,Sosial dan Kemanusiaan,10
52,Lingkungan dan Konservasi,4
52,Teknologi Informasi dan Komunikasi,1
52,Olahraga dan Rekreasi,8
52,Seni dan Budaya,1
52,Agama dan Kepercayaan,3
52,Bisnis dan Industri,4
52,Politik dan Pemerintahan,8
52,Transportasi dan Logistik,6
52,Pertanian dan Perikanan,10
53,Kesehatan,7
53,Pendidikan,8
53,Hukum,2
53,Keuangan,10
53,Pariwisata,8
53,Sosial dan Kemanusiaan,3
53,Lingkungan dan Konservasi,7
53,Teknologi Informasi dan Komunikasi,3
53,Olahraga dan Rekreasi,7
53,Seni dan Budaya,2
53,Agama dan Kepercayaan,10
53,Bisnis dan Industri,6
53,Politik dan Pemerintahan,3
53,Transportasi dan Logistik,3
53,Pertanian dan Perikanan,9
54,Kesehatan,7
54,Pendidikan,5
54,Hukum,10
54,Keuangan,7
54,Pariwisata,9
54,Sosial dan Kemanusiaan,1
54,Lingkungan dan Konservasi,7
54,Teknologi Informasi dan Komunikasi,6
54,Olahraga dan Rekreasi,10
54,Seni dan Budaya,9
54,Agama dan Kepercayaan,1
54,Bisnis dan Industri,4
54,Politik dan Pemerintahan,9
54,Transportasi dan Logistik,4
54,Pertanian dan Perikanan,10
55,Kesehatan,3
55,Pendidikan,9
55,Hukum,2
55,Keuangan,4
55,Pariwisata,6
55,Sosial dan Kemanusiaan,2
55,Lingkungan dan Konservasi,8
55,Teknologi Informasi dan Komunikasi,8
55,Olahraga dan Rekreasi,1
55,Seni dan Budaya,3
55,Agama dan Kepercayaan,10
55,Bisnis dan Industri,9
55,Politik dan Pemerintahan,5
55,Transportasi dan Logistik,6
55,Pertanian dan Perikanan,4
56,Kesehatan,10
56,Pendidikan,2
56,Hukum,8
56,Keuangan,6
56,Pariwisata,5
56,Sosial dan Kemanusiaan,9
56,Lingkungan dan Konservasi,1
56,Teknologi Informasi dan Komunikasi,5
56,Olahraga dan Rekreasi,6
56,Seni dan Budaya,5
56,Agama dan Kepercayaan,6
56,Bisnis dan Industri,6
56,Politik dan Pemerintahan,7
56,Transportasi dan Logistik,4
56,Pertanian dan Perikanan,8
57,Kesehatan,7
57,Pendidikan,9
57,Hukum,7
57,Keuangan,3
57,Pariwisata,3
57,Sosial dan Kemanusiaan,8
57,Lingkungan dan Konservasi,5
57,Teknologi Informasi dan Komunikasi,4
57,Olahraga dan Rekreasi,8
57,Seni dan Budaya,6
57,Agama dan Kepercayaan,2
57,Bisnis dan Industri,4
57,Politik dan Pemerintahan,4
57,Transportasi dan Logistik,6
57,Pertanian dan Perikanan,6
58,Kesehatan,1
58,Pendidikan,8
58,Hukum,6
58,Keuangan,3
58,Pariwisata,9
58,Sosial dan Kemanusiaan,2
58,Lingkungan dan Konservasi,8
58,Teknologi Informasi dan Komunikasi,10
58,Olahraga dan Rekreasi,3
58,Seni dan Budaya,5
58,Agama dan Kepercayaan,6
58,Bisnis dan Industri,10
58,Politik dan Pemerintahan,6
58,Transportasi dan Logistik,4
58,Pertanian dan Perikanan,3
59,Kesehatan,4
59,Pendidikan,1
59,Hukum,4
59,Keuangan,1
59,Pariwisata,1
59,Sosial dan Kemanusiaan,10
59,Lingkungan dan Konservasi,6
59,Teknologi Informasi dan Komunikasi,5
59,Olahraga dan Rekreasi,4
59,Seni dan Budaya,3
59,Agama dan Kepercayaan,1
59,Bisnis dan Industri,6
59,Politik dan Pemerintahan,2
59,Transportasi dan Logistik,8
59,Pertanian dan Perikanan,10
60,Kesehatan,5
60,Pendidikan,7
60,Hukum,10
60,Keuangan,2
60,Pariwisata,8
60,Sosial dan Kemanusiaan,2
60,Lingkungan dan Konservasi,4
60,Teknologi Informasi dan Komunikasi,1
60,Olahraga dan Rekreasi,5
60,Seni dan Budaya,9
60,Agama dan Kepercayaan,1
60,Bisnis dan Industri,9
60,Politik dan Pemerintahan,8
60,Transportasi dan Logistik,6
60,Pertanian dan Perikanan,7
61,Kesehatan,3
61,Pendidikan,1
61,Hukum,5
61,Keuangan,2
61,Pariwisata,5
61,Sosial dan Kemanusiaan,8
61,Lingkungan dan Konservasi,9
61,Teknologi Informasi dan Komunikasi,2
61,Olahraga dan Rekreasi,3
61,Seni dan Budaya,3
61,Agama dan Kepercayaan,1
61,Bisnis dan Industri,8
61,Politik dan Pemerintahan,6
61,Transportasi dan Logistik,8
61,Pertanian dan Perikanan,9
62,Kesehatan,5
62,Pendidikan,3
62,Hukum,5
62,Keuangan,5
62,Pariwisata,5
62,Sosial dan Kemanusiaan,3
62,Lingkungan dan Konservasi,10
62,Teknologi Informasi dan Komunikasi,4
62,Olahraga dan Rekreasi,9
62,Seni dan Budaya,10
62,Agama dan Kepercayaan,9
62,Bisnis dan Industri,2
62,Politik dan Pemerintahan,8
62,Transportasi dan Logistik,8
62,Pertanian dan Perikanan,7
63,Kesehatan,8
63,Pendidikan,3
63,Hukum,6
63,Keuangan,1
63,Pariwisata,7
63,Sosial dan Kemanusiaan,1
63,Lingkungan dan Konservasi,9
63,Teknologi Informasi dan Komunikasi,1
63,Olahraga dan Rekreasi,1
63,Seni dan Budaya,7
63,Agama dan Kepercayaan,2
63,Bisnis dan Industri,5
63,Politik dan Pemerintahan,8
63,Transportasi dan Logistik,8
63,Pertanian dan Perikanan,3
64,Kesehatan,7
64,Pendidikan,3
64,Hukum,6
64,Keuangan,6
64,Pariwisata,3
64,Sosial dan Kemanusiaan,7
64,Lingkungan dan Konservasi,3
64,Teknologi Informasi dan Komunikasi,8
64,Olahraga dan Rekreasi,10
64,Seni dan Budaya,4
64,Agama dan Kepercayaan,1
64,Bisnis dan Industri,4
64,Politik dan Pemerintahan,7
64,Transportasi dan Logistik,4
64,Pertanian dan Perikanan,6
65,Kesehatan,9
65,Pendidikan,1
65,Hukum,5
65,Keuangan,7
65,Pariwisata,1
65,Sosial dan Kemanusiaan,4
65,Lingkungan dan Konservasi,6
65,Teknologi Informasi dan Komunikasi,2
65,Olahraga dan Rekreasi,10
65,Seni dan Budaya,5
65,Agama dan Kepercayaan,10
65,Bisnis dan Industri,1
65,Politik dan Pemerintahan,6
65,Transportasi dan Logistik,6
65,Pertanian dan Perikanan,4
66,Kesehatan,8
66,Pendidikan,4
66,Hukum,8
66,Keuangan,8
66,Pariwisata,5
66,Sosial dan Kemanusiaan,4
66,Lingkungan dan Konservasi,2
66,Teknologi Informasi dan Komunikasi,3
66,Olahraga dan Rekreasi,3
66,Seni dan Budaya,4
66,Agama dan Kepercayaan,4
66,Bisnis dan Industri,10
66,Politik dan Pemerintahan,5
66,Transportasi dan Logistik,4
66,Pertanian dan Perikanan,10
67,Kesehatan,8
67,Pendidikan,6
67,Hukum,6
67,Keuangan,8
67,Pariwisata,7
67,Sosial dan Kemanusiaan,10
67,Lingkungan dan Konservasi,10
67,Teknologi Informasi dan Komunikasi,8
67,Olahraga dan Rekreasi,2
67,Seni dan Budaya,9
67,Agama dan Kepercayaan,1
67,Bisnis dan Industri,8
67,Politik dan Pemerintahan,4
67,Transportasi dan Logistik,4
67,Pertanian dan Perikanan,5
68,Kesehatan,8
68,Pendidikan,5
68,Hukum,8
68,Keuangan,10
68,Pariwisata,1
68,Sosial dan Kemanusiaan,10
68,Lingkungan dan Konservasi,9
68,Teknologi Informasi dan Komunikasi,6
68,Olahraga dan Rekreasi,3
68,Seni dan Budaya,8
68,Agama dan Kepercayaan,9
68,Bisnis dan Industri,6
68,Politik dan Pemerintahan,7
68,Transportasi dan Logistik,1
68,Pertanian dan Perikanan,5
69,Kesehatan,5
69,Pendidikan,10
69,Hukum,4
69,Keuangan,6
69,Pariwisata,7
69,Sosial dan Kemanusiaan,9
69,Lingkungan dan Konservasi,1
69,Teknologi Informasi dan Komunikasi,6
69,Olahraga dan Rekreasi,7
69,Seni dan Budaya,3
69,Agama dan Kepercayaan,8
69,Bisnis dan Industri,5
69,Politik dan Pemerintahan,9
69,Transportasi dan Logistik,5
69,Pertanian dan Perikanan,9
70,Kesehatan,10
70,Pendidikan,4
70,Hukum,9
70,Keuangan,5
70,Pariwisata,10
70,Sosial dan Kemanusiaan,9
70,Lingkungan dan Konservasi,3
70,Teknologi Informasi dan Komunikasi,4
70,Olahraga dan Rekreasi,9
70,Seni dan Budaya,10
70,Agama dan Kepercayaan,6
70,Bisnis dan Industri,2
70,Politik dan Pemerintahan,7
70,Transportasi dan Logistik,2
70,Pertanian dan Perikanan,2
71,Kesehatan,1
71,Pendidikan,3
71,Hukum,6
71,Keuangan,8
71,Pariwisata,9
71,Sosial dan Kemanusiaan,7
71,Lingkungan dan Konservasi,4
71,Teknologi Informasi dan Komunikasi,6
71,Olahraga dan Rekreasi,5
71,Seni dan Budaya,8
71,Agama dan Kepercayaan,1
71,Bisnis dan Industri,1
71,Politik dan Pemerintahan,6
71,Transportasi dan Logistik,10
71,Pertanian dan Perikanan,2
72,Kesehatan,5
72,Pendidikan,1
72,Hukum,7
72,Keuangan,1
72,Pariwisata,4
72,Sosial dan Kemanusiaan,9
72,Lingkungan dan Konservasi,1
72,Teknologi Informasi dan Komunikasi,4
72,Olahraga dan Rekreasi,6
72,Seni dan Budaya,6
72,Agama dan Kepercayaan,8
72,Bisnis dan Industri,1
72,Politik dan Pemerintahan,7
72,Transportasi dan Logistik,1
72,Pertanian dan Perikanan,7
73,Kesehatan,3
73,Pendidikan,8
73,Hukum,3
73,Keuangan,1
73,Pariwisata,8
73,Sosial dan Kemanusiaan,3
73,Lingkungan dan Konservasi,2
73,Teknologi Informasi dan Komunikasi,1
73,Olahraga dan Rekreasi,3
73,Seni dan Budaya,2
73,Agama dan Kepercayaan,2
73,Bisnis dan Industri,6
73,Politik dan Pemerintahan,1
73,Transportasi dan Logistik,2
73,Pertanian dan Perikanan,6
74,Kesehatan,3
74,Pendidikan,4
74,Hukum,1
74,Keuangan,8
74,Pariwisata,7
74,Sosial dan Kemanusiaan,7
74,Lingkungan dan Konservasi,3
74,Teknologi Informasi dan Komunikasi,10
74,Olahraga dan Rekreasi,10
74,Seni dan Budaya,3
74,Agama dan Kepercayaan,2
74,Bisnis dan Industri,1
74,Politik dan Pemerintahan,7
74,Transportasi dan Logistik,7
74,Pertanian dan Perikanan,2
75,Kesehatan,7
75,Pendidikan,8
75,Hukum,1
75,Keuangan,9
75,Pariwisata,7
75,Sosial dan Kemanusiaan,3
75,Lingkungan dan Konservasi,8
75,Teknologi Informasi dan Komunikasi,7
75,Olahraga dan Rekreasi,8
75,Seni dan Budaya,6
75,Agama dan Kepercayaan,9
75,Bisnis dan Industri,5
75,Politik dan Pemerintahan,3
75,Transportasi dan Logistik,3
75,Pertanian dan Perikanan,1
76,Kesehatan,8
76,Pendidikan,2
76,Hukum,3
76,Keuangan,8
76,Pariwisata,8
76,Sosial dan Kemanusiaan,4
76,Lingkungan dan Konservasi,4
76,Teknologi Informasi dan Komunikasi,5
76,Olahraga dan Rekreasi,6
76,Seni dan Budaya,5
76,Agama dan Kepercayaan,7
76,Bisnis dan Industri,2
76,Politik dan Pemerintahan,7
76,Transportasi dan Logistik,10
76,Pertanian dan Perikanan,7
77,Kesehatan,1
77,Pendidikan,7
77,Hukum,5
77,Keuangan,3
77,Pariwisata,3
77,Sosial dan Kemanusiaan,4
77,Lingkungan dan Konservasi,2
77,Teknologi Informasi dan Komunikasi,2
77,Olahraga dan Rekreasi,1
77,Seni dan Budaya,5
77,Agama dan Kepercayaan,4
77,Bisnis dan Industri,10
77,Politik dan Pemerintahan,2
77,Transportasi dan Logistik,3
77,Pertanian dan Perikanan,7
78,Kesehatan,7
78,Pendidikan,4
78,Hukum,5
78,Keuangan,5
78,Pariwisata,6
78,Sosial dan Kemanusiaan,9
78,Lingkungan dan Konservasi,2
78,Teknologi Informasi dan Komunikasi,5
78,Olahraga dan Rekreasi,3
78,Seni dan Budaya,4
78,Agama dan Kepercayaan,10
78,Bisnis dan Industri,6
78,Politik dan Pemerintahan,8
78,Transportasi dan Logistik,1
78,Pertanian dan Perikanan,10
79,Kesehatan,8
79,Pendidikan,7
79,Hukum,1
79,Keuangan,2
79,Pariwisata,3
79,Sosial dan Kemanusiaan,1
79,Lingkungan dan Konservasi,9
79,Teknologi Informasi dan Komunikasi,8
79,Olahraga dan Rekreasi,2
79,Seni dan Budaya,9
79,Agama dan Kepercayaan,7
79,Bisnis dan Industri,9
79,Politik dan Pemerintahan,6
79,Transportasi dan Logistik,6
79,Pertanian dan Perikanan,4
80,Kesehatan,10
80,Pendidikan,10
80,Hukum,2
80,Keuangan,7
80,Pariwisata,5
80,Sosial dan Kemanusiaan,6
80,Lingkungan dan Konservasi,2
80,Teknologi Informasi dan Komunikasi,5
80,Olahraga dan Rekreasi,10
80,Seni dan Budaya,4
80,Agama dan Kepercayaan,9
80,Bisnis dan Industri,6
80,Politik dan Pemerintahan,2
80,Transportasi dan Logistik,1
80,Pertanian dan Perikanan,5
81,Kesehatan,9
81,Pendidikan,6
81,Hukum,10
81,Keuangan,7
81,Pariwisata,5
81,Sosial dan Kemanusiaan,10
81,Lingkungan dan Konservasi,6
81,Teknologi Informasi dan Komunikasi,5
81,Olahraga dan Rekreasi,9
81,Seni dan Budaya,6
81,Agama dan Kepercayaan,8
81,Bisnis dan Industri,2
81,Politik dan Pemerintahan,9
81,Transportasi dan Logistik,5
81,Pertanian dan Perikanan,7
82,Kesehatan,10
82,Pendidikan,1
82,Hukum,10
82,Keuangan,5
82,Pariwisata,10
82,Sosial dan Kemanusiaan,2
82,Lingkungan dan Konservasi,6
82,Teknologi Informasi dan Komunikasi,1
82,Olahraga dan Rekreasi,3
82,Seni dan Budaya,5
82,Agama dan Kepercayaan,4
82,Bisnis dan Industri,3
82,Politik dan Pemerintahan,10
82,Transportasi dan Logistik,5
82,Pertanian dan Perikanan,8
83,Kesehatan,4
83,Pendidikan,1
83,Hukum,7
83,Keuangan,8
83,Pariwisata,3
83,Sosial dan Kemanusiaan,6
83,Lingkungan dan Konservasi,2
83,Teknologi Informasi dan Komunikasi,7
83,Olahraga dan Rekreasi,8
83,Seni dan Budaya,6
83,Agama dan Kepercayaan,6
83,Bisnis dan Industri,5
83,Politik dan Pemerintahan,8
83,Transportasi dan Logistik,1
83,Pertanian dan Perikanan,10
84,Kesehatan,4
84,Pendidikan,4
84,Hukum,3
84,Keuangan,3
84,Pariwisata,4
84,Sosial dan Kemanusiaan,1
84,Lingkungan dan Konservasi,2
84,Teknologi Informasi dan Komunikasi,9
84,Olahraga dan Rekreasi,10
84,Seni dan Budaya,2
84,Agama dan Kepercayaan,5
84,Bisnis dan Industri,9
84,Politik dan Pemerintahan,9
84,Transportasi dan Logistik,8
84,Pertanian dan Perikanan,1
85,Kesehatan,1
85,Pendidikan,9
85,Hukum,8
85,Keuangan,10
85,Pariwisata,9
85,Sosial dan Kemanusiaan,7
85,Lingkungan dan Konservasi,3
85,Teknologi Informasi dan Komunikasi,3
85,Olahraga dan Rekreasi,2
85,Seni dan Budaya,5
85,Agama dan Kepercayaan,3
85,Bisnis dan Industri,6
85,Politik dan Pemerintahan,2
85,Transportasi dan Logistik,3
85,Pertanian dan Perikanan,5
86,Kesehatan,1
86,Pendidikan,1
86,Hukum,10
86,Keuangan,9
86,Pariwisata,7
86,Sosial dan Kemanusiaan,1
86,Lingkungan dan Konservasi,8
86,Teknologi Informasi dan Komunikasi,3
86,Olahraga dan Rekreasi,8
86,Seni dan Budaya,5
86,Agama dan Kepercayaan,1
86,Bisnis dan Industri,7
86,Politik dan Pemerintahan,5
86,Transportasi dan Logistik,6
86,Pertanian dan Perikanan,6
87,Kesehatan,8
87,Pendidikan,9
87,Hukum,2
87,Keuangan,9
87,Pariwisata,10
87,Sosial dan Kemanusiaan,9
87,Lingkungan dan Konservasi,10
87,Teknologi Informasi dan Komunikasi,10
87,Olahraga dan Rekreasi,7
87,Seni dan Budaya,1
87,Agama dan Kepercayaan,7
87,Bisnis dan Industri,10
87,Politik dan Pemerintahan,5
87,Transportasi dan Logistik,6
87,Pertanian dan Perikanan,10
88,Kesehatan,7
88,Pendidikan,5
88,Hukum,7
88,Keuangan,9
88,Pariwisata,3
88,Sosial dan Kemanusiaan,8
88,Lingkungan dan Konservasi,2
88,Teknologi Informasi dan Komunikasi,7
88,Olahraga dan Rekreasi,2
88,Seni dan Budaya,4
88,Agama dan Kepercayaan,7
88,Bisnis dan Industri,3
88,Politik dan Pemerintahan,2
88,Transportasi dan Logistik,10
88,Pertanian dan Perikanan,7
89,Kesehatan,1
89,Pendidikan,8
89,Hukum,3
89,Keuangan,2
89,Pariwisata,3
89,Sosial dan Kemanusiaan,5
89,Lingkungan dan Konservasi,8
89,Teknologi Informasi dan Komunikasi,10
89,Olahraga dan Rekreasi,7
89,Seni dan Budaya,7
89,Agama dan Kepercayaan,7
89,Bisnis dan Industri,8
89,Politik dan Pemerintahan,1
89,Transportasi dan Logistik,4
89,Pertanian dan Perikanan,6
90,Kesehatan,9
90,Pendidikan,2
90,Hukum,1
90,Keuangan,10
90,Pariwisata,2
90,Sosial dan Kemanusiaan,7
90,Lingkungan dan Konservasi,3
90,Teknologi Informasi dan Komunikasi,10
90,Olahraga dan Rekreasi,2
90,Seni dan Budaya,7
90,Agama dan Kepercayaan,2
90,Bisnis dan Industri,3
90,Politik dan Pemerintahan,7
90,Transportasi dan Logistik,4
90,Pertanian dan Perikanan,1
91,Kesehatan,5
91,Pendidikan,9
91,Hukum,8
91,Keuangan,9
91,Pariwisata,10
91,Sosial dan Kemanusiaan,9
91,Lingkungan dan Konservasi,7
91,Teknologi Informasi dan Komunikasi,4
91,Olahraga dan Rekreasi,5
91,Seni dan Budaya,1
91,Agama dan Kepercayaan,1
91,Bisnis dan Industri,3
91,Politik dan Pemerintahan,8
91,Transportasi dan Logistik,2
91,Pertanian dan Perikanan,4
92,Kesehatan,2
92,Pendidikan,5
92,Hukum,9
92,Keuangan,1
92,Pariwisata,5
92,Sosial dan Kemanusiaan,9
92,Lingkungan dan Konservasi,1
92,Teknologi Informasi dan Komunikasi,9
92,Olahraga dan Rekreasi,8
92,Seni dan Budaya,4
92,Agama dan Kepercayaan,10
92,Bisnis dan Industri,5
92,Politik dan Pemerintahan,5
92,Transportasi dan Logistik,6
92,Pertanian dan Perikanan,7
93,Kesehatan,8
93,Pendidikan,8
93,Hukum,2
93,Keuangan,9
93,Pariwisata,7
93,Sosial dan Kemanusiaan,4
93,Lingkungan dan Konservasi,4
93,Teknologi Informasi dan Komunikasi,8
93,Olahraga dan Rekreasi,4
93,Seni dan Budaya,6
93,Agama dan Kepercayaan,5
93,Bisnis dan Industri,3
93,Politik dan Pemerintahan,10
93,Transportasi dan Logistik,2
93,Pertanian dan Perikanan,9
94,Kesehatan,10
94,Pendidikan,9
94,Hukum,1
94,Keuangan,10
94,Pariwisata,3
94,Sosial dan Kemanusiaan,8
94,Lingkungan dan Konservasi,6
94,Teknologi Informasi dan Komunikasi,5
94,Olahraga dan Rekreasi,5
94,Seni dan Budaya,6
94,Agama dan Kepercayaan,7
94,Bisnis dan Industri,1
94,Politik dan Pemerintahan,9
94,Transportasi dan Logistik,3
94,Pertanian dan Perikanan,4
95,Kesehatan,10
95,Pendidikan,1
95,Hukum,10
95,Keuangan,3
95,Pariwisata,2
95,Sosial dan Kemanusiaan,2
95,Lingkungan dan Konservasi,1
95,Teknologi Informasi dan Komunikasi,8
95,Olahraga dan Rekreasi,3
95,Seni dan Budaya,3
95,Agama dan Kepercayaan,6
95,Bisnis dan Industri,8
95,Politik dan Pemerintahan,9
95,Transportasi dan Logistik,9
95,Pertanian dan Perikanan,4
96,Kesehatan,5
96,Pendidikan,2
96,Hukum,9
96,Keuangan,8
96,Pariwisata,3
96,Sosial dan Kemanusiaan,9
96,Lingkungan dan Konservasi,3
96,Teknologi Informasi dan Komunikasi,9
96,Olahraga dan Rekreasi,2
96,Seni dan Budaya,10
96,Agama dan Kepercayaan,9
96,Bisnis dan Industri,8
96,Politik dan Pemerintahan,9
96,Transportasi dan Logistik,5
96,Pertanian dan Perikanan,2
97,Kesehatan,8
97,Pendidikan,6
97,Hukum,8
97,Keuangan,5
97,Pariwisata,10
97,Sosial dan Kemanusiaan,2
97,Lingkungan dan Konservasi,6
97,Teknologi Informasi dan Komunikasi,5
97,Olahraga dan Rekreasi,5
97,Seni dan Budaya,1
97,Agama dan Kepercayaan,2
97,Bisnis dan Industri,8
97,Politik dan Pemerintahan,3
97,Transportasi dan Logistik,10
97,Pertanian dan Perikanan,3
98,Kesehatan,8
98,Pendidikan,8
98,Hukum,2
98,Keuangan,8
98,Pariwisata,1
98,Sosial dan Kemanusiaan,6
98,Lingkungan dan Konservasi,8
98,Teknologi Informasi dan Komunikasi,3
98,Olahraga dan Rekreasi,8
98,Seni dan Budaya,1
98,Agama dan Kepercayaan,9
98,Bisnis dan Industri,9
98,Politik dan Pemerintahan,5
98,Transportasi dan Logistik,10
98,Pertanian dan Perikanan,4
99,Kesehatan,6
99,Pendidikan,7
99,Hukum,5
99,Keuangan,10
99,Pariwisata,9
99,Sosial dan Kemanusiaan,3
99,Lingkungan dan Konservasi,7
99,Teknologi Informasi dan Komunikasi,10
99,Olahraga dan Rekreasi,10
99,Seni dan Budaya,5
99,Agama dan Kepercayaan,7
99,Bisnis dan Industri,2
99,Politik dan Pemerintahan,4
99,Transportasi dan Logistik,2
99,Pertanian dan Perikanan,7
100,Kesehatan,2
100,Pendidikan,1
100,Hukum,9
100,Keuangan,1
100,Pariwisata,8
100,Sosial dan Kemanusiaan,2
100,Lingkungan dan Konservasi,8
100,Teknologi Informasi dan Komunikasi,3
100,Olahraga dan Rekreasi,6
100,Seni dan Budaya,3
100,Agama dan Kepercayaan,7
100,Bisnis dan Industri,10
100,Politik dan Pemerintahan,9
100,Transportasi dan Logistik,2
100,Pertanian dan Perikanan,5
